,cetes_mxn,e_E11_mxn,ml_LogisticRegression_mxn,ga_mxn
2021-01-01,450073.47,,450000.00,450000.00
2021-01-04,450146.96,460000.00,450000.00,450000.00
2021-01-05,450220.46,460000.00,452328.65,450000.00
2021-01-06,450293.97,460000.00,453096.86,450000.00
2021-01-07,450367.49,460000.00,458508.25,450000.00
2021-01-08,450441.02,460000.00,456997.23,450000.00
2021-01-11,450514.57,460000.00,457445.90,450000.00
2021-01-12,450588.13,460000.00,464166.94,450000.00
2021-01-13,450661.70,460000.00,465455.47,450000.00
2021-01-14,450735.28,460000.00,469507.51,450000.00
2021-01-15,450808.87,460000.00,475297.49,450000.00
2021-01-18,450882.48,460000.00,482406.82,450000.00
2021-01-19,450956.10,460000.00,480230.39,450000.00
2021-01-20,451029.72,460000.00,470693.08,450000.00
2021-01-21,451103.37,460000.00,461589.41,450000.00
2021-01-22,451177.02,460000.00,467280.29,450000.00
2021-01-25,451250.69,460000.00,467401.37,450000.00
2021-01-26,451324.36,460000.00,463115.67,450000.00
2021-01-27,451398.05,460000.00,462386.31,450000.00
2021-01-28,451471.76,460000.00,460407.30,450000.00
2021-01-29,451545.47,460000.00,460261.67,450000.00
2021-02-01,461619.77,,470261.67,460000.00
2021-02-02,461694.09,470000.00,472530.12,460000.00
2021-02-03,461768.42,470000.00,471873.50,460000.00
2021-02-04,461842.76,470000.00,470927.34,460000.00
2021-02-05,461917.11,470000.00,476060.20,460000.00
2021-02-08,461991.47,470000.00,478729.84,460000.00
2021-02-09,462065.85,470000.00,474750.21,460000.00
2021-02-10,462140.24,470000.00,473612.93,460000.00
2021-02-11,462214.64,470000.00,470599.32,460000.00
2021-02-12,462289.05,470000.00,471056.37,460000.00
2021-02-15,462363.47,470000.00,470465.16,460000.00
2021-02-16,462437.91,470000.00,475089.46,460000.00
2021-02-17,462512.35,470000.00,471417.72,460000.00
2021-02-18,462586.81,470000.00,471701.20,460000.00
2021-02-19,462661.28,470000.00,471787.05,460000.00
2021-02-22,462735.77,470000.00,475703.97,460000.00
2021-02-23,462810.26,470000.00,475622.84,460000.00
2021-02-24,462884.77,470000.00,472822.08,460000.00
2021-02-25,462959.29,470000.00,471947.69,460000.00
2021-02-26,463033.82,470000.00,481661.99,460000.00
2021-03-01,473108.35,480000.00,490096.68,470000.00
2021-03-02,473182.89,480000.00,488749.60,470000.00
2021-03-03,473257.45,480000.00,486481.71,470000.00
2021-03-04,473332.01,480000.00,487103.01,470000.00
2021-03-05,473406.59,480000.00,492113.29,470000.00
2021-03-08,473481.18,480000.00,495937.96,470000.00
2021-03-09,473555.78,480000.00,495985.90,470000.00
2021-03-10,473630.39,480000.00,497465.55,470000.00
2021-03-11,473705.01,480000.00,495555.02,470000.00
2021-03-12,473779.65,480000.00,499907.46,470000.00
2021-03-15,473854.30,,499907.46,470000.00
2021-03-16,473928.96,480000.00,497952.87,470000.00
2021-03-17,474003.63,480000.00,498404.45,470000.00
2021-03-18,474078.31,480000.00,497884.78,470000.00
2021-03-19,474153.00,480000.00,495389.80,470000.00
2021-03-22,474227.71,480000.00,497042.59,470000.00
2021-03-23,474302.43,480000.00,498380.17,470000.00
2021-03-24,474377.16,480000.00,498218.26,470000.00
2021-03-25,474451.90,480000.00,503377.62,470000.00
2021-03-26,474526.65,480000.00,501056.96,470000.00
2021-03-29,474601.42,480000.00,501712.27,470000.00
2021-03-30,474676.20,480000.00,509204.97,470000.00
2021-03-31,474750.99,480000.00,515217.30,470000.00
2021-04-01,484827.73,,525217.30,480000.00
2021-04-02,484904.49,,525217.30,480000.00
2021-04-05,484981.26,487601.40,525704.56,479954.78
2021-04-06,485058.04,488655.17,522087.29,479909.56
2021-04-07,485134.84,488814.23,522858.76,479864.35
2021-04-08,485211.64,491086.91,524093.31,479819.14
2021-04-09,485288.46,484750.70,522520.61,479773.93
2021-04-12,485365.29,482750.48,520932.40,479728.73
2021-04-13,485442.14,485097.86,519413.11,479683.54
2021-04-14,485518.99,483754.38,521312.55,479638.35
2021-04-15,485595.86,487869.97,521645.49,479593.16
2021-04-16,485672.74,487024.14,520422.99,479547.98
2021-04-19,485749.63,483157.97,516810.01,479502.80
2021-04-20,485826.53,483446.21,517901.23,479457.62
2021-04-21,485903.45,485382.85,518662.92,479412.45
2021-04-22,485980.38,484653.79,519403.15,479367.29
2021-04-23,486057.32,480706.17,517008.24,479322.12
2021-04-26,486134.27,474417.09,514365.56,479276.97
2021-04-27,486211.24,468566.44,510607.69,479231.81
2021-04-28,486288.21,469010.26,513333.75,479186.66
2021-04-29,486365.20,469922.61,511813.39,479141.52
2021-04-30,486442.21,468234.09,509294.55,479096.38
2021-05-03,496523.26,488199.96,529396.82,489050.30
2021-05-04,496604.33,484238.88,529393.32,489004.23
2021-05-05,496685.42,480906.26,528454.43,488958.16
2021-05-06,496766.51,484685.46,528000.04,488912.09
2021-05-07,496847.62,485321.04,519709.59,488866.03
2021-05-10,496928.74,488073.21,523762.69,488819.97
2021-05-11,497009.88,485736.61,528858.45,488773.92
2021-05-12,497091.03,481477.97,522897.29,488727.87
2021-05-13,497172.19,479714.13,521411.69,488681.83
2021-05-14,497253.37,482477.11,520463.92,488635.79
2021-05-17,497334.56,483559.44,523540.25,488589.75
2021-05-18,497415.76,486386.59,533239.76,488543.72
2021-05-19,497496.97,474865.87,520704.67,488497.70
2021-05-20,497578.20,480685.13,522750.28,488451.67
2021-05-21,497659.45,477422.95,520771.69,488405.66
2021-05-24,497740.70,477428.25,523308.07,488359.64
2021-05-25,497821.97,477497.34,526013.69,488313.63
2021-05-26,497903.25,476590.51,523604.28,488267.63
2021-05-27,497984.55,480327.49,520219.84,488221.63
2021-05-28,498065.85,484053.38,522432.63,488175.63
2021-05-31,498147.18,486998.79,531042.25,488129.64
2021-06-01,508231.11,495086.40,539819.13,498082.71
2021-06-02,508315.06,498641.32,541893.81,498035.78
2021-06-03,508399.02,497517.83,538093.60,497988.86
2021-06-04,508483.00,494793.12,537465.95,497941.95
2021-06-07,508566.99,498747.09,545106.96,497895.04
2021-06-08,508651.00,497824.84,545296.69,497848.13
2021-06-09,508735.01,497216.19,543342.67,497801.23
2021-06-10,508819.05,499085.92,545214.34,497754.33
2021-06-11,508903.09,499310.77,544348.97,497707.43
2021-06-14,508987.15,497555.24,545883.95,497660.54
2021-06-15,509071.23,498363.28,545707.37,497613.66
2021-06-16,509155.32,497989.36,547550.89,497566.78
2021-06-17,509239.42,500447.67,550412.01,497519.90
2021-06-18,509323.53,491100.60,553047.46,497473.03
2021-06-21,509407.66,492861.23,552800.62,497426.16
2021-06-22,509491.81,496357.77,551303.86,497379.30
2021-06-23,509575.96,493904.85,550278.76,497332.44
2021-06-24,509660.13,491020.04,550616.75,497285.58
2021-06-25,509744.32,490023.24,549319.45,497238.73
2021-06-28,509828.52,486104.04,546148.98,497191.89
2021-06-29,509912.73,486595.08,550477.09,497145.05
2021-06-30,509996.96,484205.80,547009.09,497098.21
2021-07-01,520085.23,489099.05,552198.91,507050.43
2021-07-02,520173.51,489068.92,551578.44,507002.66
2021-07-05,520261.80,489776.60,554077.54,506954.90
2021-07-06,520350.12,489481.28,550590.27,506907.14
2021-07-07,520438.44,489202.11,549853.98,506859.38
2021-07-08,520526.78,491115.04,549785.66,506811.63
2021-07-09,520615.14,492110.94,551253.68,506763.88
2021-07-12,520703.51,494378.93,553329.14,506716.14
2021-07-13,520791.90,493242.44,552752.30,506668.40
2021-07-14,520880.30,497123.00,560214.12,506620.67
2021-07-15,520968.72,499901.44,559191.21,506572.94
2021-07-16,521057.15,503153.54,561948.67,506525.21
2021-07-19,521145.60,491867.64,550269.01,506477.49
2021-07-20,521234.06,494706.25,556399.02,506429.78
2021-07-21,521322.54,497835.73,559028.18,506382.06
2021-07-22,521411.03,499525.50,560594.46,506334.36
2021-07-23,521499.53,499459.56,560291.82,506286.65
2021-07-26,521588.06,508328.58,562517.35,506238.96
2021-07-27,521676.59,506785.84,561429.74,506191.26
2021-07-28,521765.14,502788.61,558012.81,506143.57
2021-07-29,521853.71,507660.13,561592.88,506095.89
2021-07-30,521942.29,499997.41,551953.52,506048.21
2021-08-02,532034.21,510103.38,561669.34,515999.59
2021-08-03,532126.13,511838.87,569831.43,515950.98
2021-08-04,532218.08,511338.09,568458.95,515902.37
2021-08-05,532310.04,514885.75,563972.71,515853.77
2021-08-06,532402.01,517354.56,568481.49,515805.17
2021-08-09,532494.01,515439.50,569691.97,515756.57
2021-08-10,532586.01,523996.44,573165.16,515707.98
2021-08-11,532678.04,524520.75,576385.75,515659.40
2021-08-12,532770.08,521773.01,575013.26,515610.81
2021-08-13,532862.13,521571.44,574745.69,515562.24
2021-08-16,532954.20,524192.51,575811.61,515513.67
2021-08-17,533046.29,524853.68,577545.63,515465.10
2021-08-18,533138.39,527455.07,590582.64,515416.54
2021-08-19,533230.51,522641.49,575187.12,515367.98
2021-08-20,533322.65,521245.14,575716.00,515319.42
2021-08-23,533414.80,521407.95,576193.61,515270.87
2021-08-24,533506.96,516573.51,574075.06,515222.33
2021-08-25,533599.14,519901.89,575508.81,515173.79
2021-08-26,533691.34,518293.75,571956.94,515125.26
2021-08-27,533783.56,520787.00,573469.49,515076.72
2021-08-30,533875.79,526783.61,578464.83,515028.20
2021-08-31,533968.03,533635.21,583299.90,514979.68
2021-09-01,544066.98,535315.61,588509.13,524930.22
2021-09-02,544165.94,538879.81,591268.38,524880.76
2021-09-03,544264.92,537409.40,589642.76,524831.31
2021-09-06,544363.92,537686.87,588067.83,524781.87
2021-09-07,544462.94,537839.83,587958.34,524732.43
2021-09-08,544561.98,535641.85,585292.83,524682.99
2021-09-09,544661.03,536853.74,592428.13,524633.56
2021-09-10,544760.10,536943.07,589374.64,524584.13
2021-09-13,544859.19,539278.85,590556.19,524534.71
2021-09-14,544958.30,543818.49,591264.76,524485.29
2021-09-15,545057.42,545229.27,592048.57,524435.88
2021-09-16,545156.56,,592048.57,524386.47
2021-09-17,545255.73,550512.51,592781.30,524337.07
2021-09-20,545354.91,547420.09,588019.03,524287.67
2021-09-21,545454.10,554226.40,592872.68,524238.28
2021-09-22,545553.32,553653.51,592128.19,524188.89
2021-09-23,545652.55,557269.80,591755.73,524139.50
2021-09-24,545751.80,550211.52,590061.55,524090.12
2021-09-27,545851.07,549093.00,588269.68,524040.75
2021-09-28,545950.36,548322.59,587735.80,523991.38
2021-09-29,546049.67,548910.74,585043.65,523942.01
2021-09-30,546148.99,551339.12,586541.34,523892.65
2021-10-01,556257.73,561448.44,597601.64,533842.35
2021-10-04,556366.49,555042.37,598977.49,533792.06
2021-10-05,556475.27,551481.47,599063.46,533741.77
2021-10-06,556584.07,547211.59,598688.60,533691.48
2021-10-07,556692.89,542925.28,604853.85,533641.20
2021-10-08,556801.74,540210.49,600194.11,533590.93
2021-10-11,556910.60,535604.67,599247.74,533540.66
2021-10-12,557019.49,535486.30,596193.91,533490.39
2021-10-13,557128.40,535536.89,600691.61,533440.13
2021-10-14,557237.33,539371.43,600469.60,533389.88
2021-10-15,557346.28,536191.24,601372.74,533339.62
2021-10-18,557455.25,536036.72,600154.14,533289.38
2021-10-19,557564.25,531914.68,597903.98,533239.13
2021-10-20,557673.26,529620.98,597314.12,533188.90
2021-10-21,557782.30,528446.73,600734.36,533138.67
2021-10-22,557891.36,530153.50,607344.85,533088.44
2021-10-25,558000.44,528485.50,604402.69,533038.21
2021-10-26,558109.54,526526.82,603676.51,532988.00
2021-10-27,558218.66,525123.74,598305.80,532937.78
2021-10-28,558327.80,529080.86,597509.42,532887.57
2021-10-29,558436.96,529093.02,598140.28,532837.37
2021-11-01,568554.11,540344.56,608960.41,542786.23
2021-11-02,568671.28,,608960.41,542735.09
2021-11-03,568788.48,535728.28,604900.36,542683.96
2021-11-04,568905.70,533693.50,603572.84,542632.83
2021-11-05,569022.94,539474.02,604319.49,542581.71
2021-11-08,569140.21,542522.09,610095.46,542530.59
2021-11-09,569257.50,546372.90,617747.26,542479.48
2021-11-10,569374.81,545424.78,615551.20,542428.37
2021-11-11,569492.15,543077.03,614052.90,542377.27
2021-11-12,569609.52,549458.97,618908.53,542326.17
2021-11-15,569726.90,,618908.53,542275.08
2021-11-16,569844.32,548872.04,618284.28,542223.99
2021-11-17,569961.75,546840.34,616123.40,542172.90
2021-11-18,570079.21,537035.38,611004.21,542121.83
2021-11-19,570196.70,536826.89,609350.41,542070.75
2021-11-22,570314.21,532339.99,605388.40,542019.68
2021-11-23,570431.74,530805.92,605024.26,541968.62
2021-11-24,570549.30,527985.91,605671.67,541917.56
2021-11-25,570666.88,531394.14,607454.57,541866.50
2021-11-26,570784.48,530288.19,605085.27,541815.45
2021-11-29,570902.12,539039.09,609628.68,541764.41
2021-11-30,571019.77,547092.17,617864.31,541713.37
2021-12-01,581144.32,557111.04,624368.67,551661.39
2021-12-02,581268.90,571736.29,635024.83,551609.42
2021-12-03,581393.50,562898.49,641769.87,551557.45
2021-12-06,581518.13,562537.59,637680.19,551505.49
2021-12-07,581642.79,563988.87,637114.94,551453.53
2021-12-08,581767.48,567929.12,635776.06,551401.57
2021-12-09,581892.19,567802.55,638070.16,551349.63
2021-12-10,582016.93,566185.61,637622.14,551297.68
2021-12-13,582141.69,568891.16,639184.49,551245.74
2021-12-14,582266.48,576045.13,644802.68,551193.81
2021-12-15,582391.30,573692.44,647459.31,551141.88
2021-12-16,582516.15,571242.12,641335.94,551089.96
2021-12-17,582641.02,574403.18,646425.29,551038.04
2021-12-20,582765.92,571708.17,652809.01,550986.12
2021-12-21,582890.84,581141.80,654258.66,550934.21
2021-12-22,583015.80,579424.00,656139.30,550882.31
2021-12-23,583140.78,583051.13,656706.23,550830.41
2021-12-24,583265.78,583714.88,658913.72,550778.52
2021-12-27,583390.81,584648.65,666876.13,550726.63
2021-12-28,583515.87,586690.48,671806.46,550674.74
2021-12-29,583640.96,585553.71,670607.25,550622.86
2021-12-30,583766.07,586963.91,670476.34,550570.99
2021-12-31,583891.21,588201.41,677377.41,550519.12
2022-01-03,594024.77,601446.03,692605.27,560466.31
2022-01-04,594158.35,603255.30,691197.03,560413.51
2022-01-05,594291.97,597454.02,689266.97,560360.71
2022-01-06,594425.61,598237.89,688718.35,560307.92
2022-01-07,594559.29,597680.36,685768.41,560255.13
2022-01-10,594693.00,592790.82,688029.81,560202.35
2022-01-11,594826.73,590886.72,683122.18,560149.57
2022-01-12,594960.50,591379.88,686377.99,560096.80
2022-01-13,595094.29,595852.85,690965.21,560044.03
2022-01-14,595228.12,594458.83,690119.87,559991.27
2022-01-17,595361.97,596586.91,691941.80,559938.51
2022-01-18,595495.86,593528.33,693258.16,559885.76
2022-01-19,595629.78,591118.10,694192.41,559833.01
2022-01-20,595763.72,597698.22,695008.46,559780.26
2022-01-21,595897.70,615402.83,700825.97,559727.53
2022-01-24,596031.71,597857.21,695120.79,559674.79
2022-01-25,596165.74,589525.29,688186.77,559622.07
2022-01-26,596299.81,587913.31,685490.68,559569.34
2022-01-27,596433.91,589273.34,687127.95,559516.63
2022-01-28,596568.03,590670.98,685890.56,559463.91
2022-01-31,596702.19,600075.10,693240.86,559411.20
2022-02-01,606841.36,620931.36,706516.99,569357.56
2022-02-02,606980.55,622767.73,705102.57,569303.92
2022-02-03,607119.78,627852.65,701364.26,569250.28
2022-02-04,607259.04,639088.35,702178.60,569196.65
2022-02-07,607398.34,,702178.60,569143.03
2022-02-08,607537.66,631884.10,700637.47,569089.41
2022-02-09,607677.02,646937.72,710063.97,569035.80
2022-02-10,607816.41,649219.67,715832.18,568982.19
2022-02-11,607955.83,653440.80,719385.29,568928.58
2022-02-14,608095.28,653919.61,718110.46,568874.98
2022-02-15,608234.77,660729.49,727693.27,568821.39
2022-02-16,608374.28,672627.37,735705.66,568767.80
2022-02-17,608513.83,693684.08,760898.50,568714.21
2022-02-18,608653.41,693205.39,761787.98,568660.63
2022-02-21,608793.03,689092.23,758717.35,568607.06
2022-02-22,608932.67,694028.68,761873.31,568553.49
2022-02-23,609072.35,689595.37,763274.16,568499.92
2022-02-24,609212.06,684420.85,762537.16,568446.37
2022-02-25,609351.80,693253.06,766534.92,568392.81
2022-02-28,609491.57,694427.62,767138.78,568339.26
2022-03-01,619642.01,701594.29,770088.22,578284.78
2022-03-02,619792.49,716183.50,779114.71,578230.29
2022-03-03,619943.00,711937.93,772496.76,578175.82
2022-03-04,620093.55,716124.38,770107.13,578121.35
2022-03-07,620244.13,716498.33,766241.85,578066.88
2022-03-08,620394.76,718794.86,765751.01,578012.42
2022-03-09,620545.41,718576.58,763818.89,577957.97
2022-03-10,620696.11,716120.23,761793.26,577903.52
2022-03-11,620846.84,701925.92,751662.05,577849.07
2022-03-14,620997.61,678604.58,748985.01,577794.63
2022-03-15,621148.42,675047.76,742080.87,577740.20
2022-03-16,621299.26,686107.66,750392.56,577685.77
2022-03-17,621450.14,697944.85,763596.54,577631.34
2022-03-18,621601.05,696107.69,771385.47,577576.92
2022-03-21,621752.00,,771385.47,577522.51
2022-03-22,621902.99,698034.96,769122.17,577468.10
2022-03-23,622054.02,693740.53,762529.02,577413.69
2022-03-24,622205.08,693156.49,767589.25,577359.29
2022-03-25,622356.18,694714.11,770295.18,577304.90
2022-03-28,622507.31,697133.88,770957.00,577250.51
2022-03-29,622658.49,702617.31,770860.01,577196.13
2022-03-30,622809.69,700772.06,770409.08,577141.75
2022-03-31,622960.94,696621.89,771021.01,577087.38
2022-04-01,633125.26,710038.77,781169.90,587032.07
2022-04-04,633289.63,721939.59,791185.03,586976.76
2022-04-05,633454.04,723276.77,791875.76,586921.46
2022-04-06,633618.49,738119.38,787094.55,586866.17
2022-04-07,633782.98,742130.91,798609.86,586810.88
2022-04-08,633947.52,744939.01,797372.41,586755.59
2022-04-11,634112.09,744136.71,791681.39,586700.31
2022-04-12,634276.72,731032.39,785801.35,586645.04
2022-04-13,634441.38,751357.39,791720.60,586589.77
2022-04-14,634606.09,,791720.60,586534.51
2022-04-15,634770.84,,791720.60,586479.25
2022-04-18,634935.63,748950.47,792985.70,586423.99
2022-04-19,635100.47,755636.35,799671.73,586368.75
2022-04-20,635265.34,750287.65,790953.15,586313.50
2022-04-21,635430.26,743200.65,789977.88,586258.27
2022-04-22,635595.23,749619.09,791996.25,586203.03
2022-04-25,635760.24,750153.96,793258.04,586147.81
2022-04-26,635925.28,732503.25,788042.53,586092.59
2022-04-27,636090.38,736290.68,784742.86,586037.37
2022-04-28,636255.51,725212.59,781918.61,585982.16
2022-04-29,636420.69,739938.40,785169.65,585926.95
2022-05-02,646599.78,736698.65,802450.10,595870.81
2022-05-03,646778.92,732645.73,806080.07,595814.67
2022-05-04,646958.10,744129.15,818136.04,595758.54
2022-05-05,647137.34,742102.63,830209.76,595702.41
2022-05-06,647316.63,733861.59,842070.64,595646.29
2022-05-09,647495.96,717244.39,844477.12,595590.17
2022-05-10,647675.35,718865.58,854286.02,595534.06
2022-05-11,647854.79,699005.99,855372.40,595477.95
2022-05-12,648034.27,679146.40,846676.86,595421.85
2022-05-13,648213.81,690900.03,865398.77,595365.76
2022-05-16,648393.39,705220.57,881955.76,595309.67
2022-05-17,648573.03,715758.26,879955.93,595253.58
2022-05-18,648752.71,705760.97,885666.00,595197.50
2022-05-19,648932.44,713056.34,877318.41,595141.43
2022-05-20,649112.23,712110.61,868979.86,595085.36
2022-05-23,649292.06,712380.81,867915.87,595029.29
2022-05-24,649471.95,709678.82,878483.53,594973.23
2022-05-25,649651.88,707517.23,892722.22,594917.18
2022-05-26,649831.86,701302.65,898768.85,594861.13
2022-05-27,650011.90,711029.81,893929.06,594805.09
2022-05-30,650191.98,709813.95,893125.51,594749.05
2022-05-31,650372.11,705085.44,881127.21,594693.02
2022-06-01,660565.07,708870.86,882830.67,604636.05
2022-06-02,660758.08,711843.05,869957.30,604579.09
2022-06-03,660951.15,700900.03,879853.04,604522.13
2022-06-06,661144.28,700089.43,869511.28,604465.18
2022-06-07,661337.46,700900.03,872939.47,604408.23
2022-06-08,661530.70,726298.66,886679.12,604351.29
2022-06-09,661723.99,714950.37,879404.37,604294.35
2022-06-10,661917.35,705358.34,878332.34,604237.42
2022-06-13,662110.75,689821.94,865124.34,604180.49
2022-06-14,662304.22,661586.18,859737.74,604123.57
2022-06-15,662497.74,679419.24,861197.19,604066.66
2022-06-16,662691.32,687660.34,856094.40,604009.75
2022-06-17,662884.95,749265.57,901715.27,603952.84
2022-06-20,663078.64,733053.63,898067.02,603895.94
2022-06-21,663272.39,712248.38,892391.85,603839.05
2022-06-22,663466.20,710627.19,880410.54,603782.16
2022-06-23,663660.06,708465.60,880194.02,603725.28
2022-06-24,663853.97,723191.41,883612.05,603668.40
2022-06-27,664047.95,740619.21,885416.15,603611.53
2022-06-28,664241.98,733053.63,897821.00,603554.66
2022-06-29,664436.07,724947.67,887338.99,603497.80
2022-06-30,664630.21,732513.24,888959.12,603440.94
2022-07-01,674839.50,735071.08,896541.29,613270.84
2022-07-04,675048.85,738309.87,900936.20,613100.78
2022-07-05,675258.26,739154.78,902880.20,612930.77
2022-07-06,675467.74,785061.53,922755.41,612760.81
2022-07-07,675677.29,782949.22,918968.78,612590.90
2022-07-08,675886.90,770979.69,916348.66,612421.03
2022-07-11,676096.57,781400.25,922845.44,612251.21
2022-07-12,676306.31,802663.81,923207.00,612081.44
2022-07-13,676516.12,809704.66,925504.56,611911.72
2022-07-14,676725.99,809282.24,933593.07,611742.04
2022-07-15,676935.93,809704.66,922738.86,611572.41
2022-07-18,677145.93,811253.70,926441.31,611402.82
2022-07-19,677355.99,804353.63,919738.38,611233.28
2022-07-20,677566.13,799988.22,920725.71,611063.79
2022-07-21,677776.32,796045.31,926868.90,610894.35
2022-07-22,677986.58,788581.96,920123.14,610724.95
2022-07-25,678196.91,783371.71,922303.65,610555.60
2022-07-26,678407.30,793651.43,919907.83,610386.30
2022-07-27,678617.76,800149.79,927956.31,610217.05
2022-07-28,678828.28,800149.79,923688.23,610047.84
2022-07-29,679038.87,807405.75,924954.60,609878.68
2022-08-01,689263.48,794072.82,930088.14,619706.79
2022-08-02,689488.17,793645.96,932240.06,619534.95
2022-08-03,689712.92,776288.55,932292.37,619363.16
2022-08-04,689937.75,792507.76,935470.47,619191.41
2022-08-05,690162.66,806450.66,934193.46,619019.72
2022-08-08,690387.63,800901.99,934828.99,618848.07
2022-08-09,690612.69,797771.95,929822.05,618676.46
2022-08-10,690837.81,803036.07,937904.53,618504.91
2022-08-11,691063.01,805597.01,936244.01,618333.40
2022-08-12,691288.28,806166.11,937445.90,618161.94
2022-08-15,691513.62,788666.39,933376.14,617990.53
2022-08-16,691739.04,792365.52,932680.89,617819.17
2022-08-17,691964.53,802466.97,932084.73,617647.85
2022-08-18,692190.09,784398.16,926912.23,617476.58
2022-08-19,692415.73,807446.54,933596.79,617305.36
2022-08-22,692641.44,808300.19,934624.82,617134.19
2022-08-23,692867.23,793788.27,926656.40,616963.06
2022-08-24,693093.09,787243.65,918131.36,616791.98
2022-08-25,693319.02,788808.63,922732.59,616620.95
2022-08-26,693545.03,790373.68,921676.25,616449.97
2022-08-29,693771.11,765902.55,911555.75,616279.03
2022-08-30,693997.26,770313.02,912529.04,616108.14
2022-08-31,694223.49,751532.87,918418.05,615937.30
2022-09-01,704468.46,755841.89,917937.10,625763.73
2022-09-02,704713.51,755415.04,920241.84,625590.21
2022-09-05,704958.65,768788.83,927627.62,625416.74
2022-09-06,705203.87,758829.62,921869.38,625243.32
2022-09-07,705449.18,739053.51,921926.90,625069.94
2022-09-08,705694.58,754988.25,928156.85,624896.61
2022-09-09,705940.06,759967.82,931836.28,624723.34
2022-09-12,706185.62,768788.83,939326.73,624550.10
2022-09-13,706431.27,752019.09,936904.82,624376.92
2022-09-14,706677.01,748452.42,930662.58,624203.79
2022-09-15,706922.83,787400.22,945013.46,624030.70
2022-09-16,707168.74,,945013.46,623857.66
2022-09-19,707414.73,775273.64,935423.94,623684.67
2022-09-20,707660.81,785260.21,945082.14,623511.73
2022-09-21,707906.98,789540.24,953416.58,623338.83
2022-09-22,708153.22,791680.18,953795.94,623165.99
2022-09-23,708399.56,771136.34,941651.30,622993.19
2022-09-26,708645.98,753873.71,927590.14,622820.44
2022-09-27,708892.49,761577.68,931491.80,622647.73
2022-09-28,709139.08,750021.73,923733.72,622475.08
2022-09-29,709385.76,742317.76,926252.52,622302.47
2022-09-30,709632.52,747311.08,918243.73,622129.91
2022-10-03,719897.73,761444.19,932239.65,632664.50
2022-10-04,720163.03,762780.58,928861.34,633199.54
2022-10-05,720428.44,760850.27,934931.15,633735.03
2022-10-06,720693.94,759068.44,948097.39,634270.98
2022-10-07,720959.53,739765.01,946494.28,634807.38
2022-10-10,721225.23,716452.48,929462.72,635344.23
2022-10-11,721491.02,712740.27,934979.43,635881.54
2022-10-12,721756.92,722540.51,936081.99,636419.30
2022-10-13,722022.90,722095.00,942285.87,636957.51
2022-10-14,722288.99,709919.02,936382.54,637496.18
2022-10-17,722555.18,716749.44,945379.94,638035.31
2022-10-18,722821.46,713185.79,946604.78,638574.89
2022-10-19,723087.84,696258.17,942022.40,639114.93
2022-10-20,723354.32,730261.81,946879.01,639655.43
2022-10-21,723620.90,737537.74,959336.21,640196.38
2022-10-24,723887.58,735904.39,950305.50,640737.79
2022-10-25,724154.35,747634.86,955435.39,641279.66
2022-10-26,724421.23,752325.61,955909.47,641821.99
2022-10-27,724688.20,766591.31,970487.64,642364.77
2022-10-28,724955.27,752626.00,964272.02,642908.01
2022-10-31,725222.44,764038.49,970217.57,643451.72
2022-11-01,735502.95,789505.44,990216.45,654004.34
2022-11-02,735783.57,,990216.45,654557.43
2022-11-03,736064.29,803771.14,996444.64,655110.98
2022-11-04,736345.13,820139.10,1002315.53,655665.00
2022-11-07,736626.07,821040.12,1001325.62,656219.50
2022-11-08,736907.11,821040.12,1000204.17,656774.46
2022-11-09,737188.27,808876.76,994135.91,657329.89
2022-11-10,737469.53,847469.09,1007087.41,657885.79
2022-11-11,737750.90,882457.52,1028178.15,658442.16
2022-11-14,738032.37,865939.40,1015979.30,658999.00
2022-11-15,738313.96,874949.24,1003990.18,659556.31
2022-11-16,738595.65,872546.59,1013923.01,660114.09
2022-11-17,738877.45,870444.32,1012112.39,660672.35
2022-11-18,739159.35,882457.52,1015202.51,661231.07
2022-11-21,739441.37,,1015202.51,661790.27
2022-11-22,739723.49,883208.30,1016060.44,662349.95
2022-11-23,740005.72,886361.74,1020197.05,662910.09
2022-11-24,740288.06,878252.91,1018906.24,663470.71
2022-11-25,740570.50,897023.45,1013715.78,664031.80
2022-11-28,740853.05,890416.19,1011559.99,664593.37
2022-11-29,741135.71,891467.36,1017615.39,665155.41
2022-11-30,741418.48,895671.97,1021395.93,665717.93
2022-12-01,751715.18,905972.36,1030878.26,676289.38
2022-12-02,752012.00,910176.97,1030321.02,676861.32
2022-12-05,752308.93,889304.01,1027724.48,677433.73
2022-12-06,752605.98,870833.78,1020734.71,678006.63
2022-12-07,752903.15,888102.68,1034672.45,678580.02
2022-12-08,753200.44,905671.97,1046975.35,679153.89
2022-12-09,753497.84,890955.88,1049189.78,679728.25
2022-12-12,753795.36,,1049189.78,680303.09
2022-12-13,754093.00,881945.96,1054170.71,680878.42
2022-12-14,754390.75,860922.85,1033401.28,681454.23
2022-12-15,754688.63,850111.05,1025795.18,682030.54
2022-12-16,754986.62,834493.87,1035155.52,682607.32
2022-12-19,755284.73,847858.55,1046109.68,683184.60
2022-12-20,755582.95,866328.78,1056173.98,683762.37
2022-12-21,755881.30,852513.63,1054129.02,684340.62
2022-12-22,756179.76,855216.60,1059028.54,684919.36
2022-12-23,756478.34,860772.69,1062682.20,685498.60
2022-12-26,756777.04,850561.52,1061319.21,686078.32
2022-12-27,757075.85,853264.49,1056546.22,686658.53
2022-12-28,757374.79,827886.61,1037466.71,687239.23
2022-12-29,757673.84,858370.11,1044794.63,687820.43
2022-12-30,757973.01,853865.11,1058611.95,688402.11
2023-01-02,768281.76,862396.49,1082231.53,698738.09
2023-01-03,768590.63,871461.66,1096070.36,699074.23
2023-01-04,768899.63,893996.92,1105296.24,699410.53
2023-01-05,769208.76,900339.25,1114852.88,699747.00
2023-01-06,769518.01,910639.34,1115184.76,700083.62
2023-01-09,769827.38,908995.94,1114714.93,700420.41
2023-01-10,770136.88,909778.24,1110472.08,700757.36
2023-01-11,770446.50,919235.48,1115327.51,701094.47
2023-01-12,770756.24,931730.63,1121605.04,701431.74
2023-01-13,771066.11,935190.41,1123406.94,701769.18
2023-01-16,771376.11,940775.88,1123946.61,702106.78
2023-01-17,771686.23,934750.76,1123184.70,702444.54
2023-01-18,771996.47,918149.68,1114775.20,702782.46
2023-01-19,772306.84,922063.79,1116669.59,703120.55
2023-01-20,772617.34,928638.11,1124518.72,703458.80
2023-01-23,772927.95,936536.64,1132759.35,703797.21
2023-01-24,773238.70,928836.24,1124700.72,704135.78
2023-01-25,773549.57,932719.99,1121539.19,704474.52
2023-01-26,773860.56,946005.52,1130321.74,704813.42
2023-01-27,774171.68,947042.98,1135420.25,705152.48
2023-01-30,774482.92,944323.30,1130892.87,705491.71
2023-01-31,774794.29,942536.38,1129653.50,705831.10
2023-02-01,785115.99,983520.86,1162266.71,716175.46
2023-02-02,785437.82,968614.86,1161070.57,716519.99
2023-02-03,785759.79,971582.86,1159615.26,716864.68
2023-02-06,786081.89,,1159615.26,717209.54
2023-02-07,786404.12,949833.60,1148783.06,717554.57
2023-02-08,786726.48,959727.99,1150160.51,717899.76
2023-02-09,787048.97,972122.19,1147702.10,718245.12
2023-02-10,787371.60,977543.26,1150805.43,718590.65
2023-02-13,787694.36,1012075.26,1166512.45,718936.34
2023-02-14,788017.25,1034275.72,1178035.13,719282.19
2023-02-15,788340.27,1022047.87,1175710.07,719628.22
2023-02-16,788663.43,996761.54,1165920.26,719974.41
2023-02-17,788986.72,1008374.39,1175013.95,720320.76
2023-02-20,789310.14,1013690.54,1185150.68,720667.29
2023-02-21,789633.69,1010267.59,1190363.75,721013.98
2023-02-22,789957.37,1011043.92,1189614.24,721360.83
2023-02-23,790281.19,1010964.04,1190723.32,721707.85
2023-02-24,790605.14,1011532.13,1190991.27,722055.05
2023-02-27,790929.23,1029923.71,1204549.84,722402.40
2023-02-28,791253.44,1024670.15,1208141.45,722749.93
2023-03-01,801591.35,1037473.02,1213643.12,733102.43
2023-03-02,801929.39,1027473.97,1212727.83,733455.10
2023-03-03,802267.58,1038668.33,1216276.09,733807.94
2023-03-06,802605.91,1033415.80,1220210.07,734160.95
2023-03-07,802944.38,1010295.51,1208914.89,734514.13
2023-03-08,803282.99,1012801.21,1200824.06,734867.49
2023-03-09,803621.75,1035955.92,1213287.25,735221.01
2023-03-10,803960.65,1019261.85,1211559.21,735574.70
2023-03-13,804299.69,1010458.13,1207201.74,735928.56
2023-03-14,804638.88,1009724.16,1206579.32,736282.59
2023-03-15,804978.21,998958.85,1201356.30,736636.79
2023-03-16,805317.68,1004423.69,1203977.82,736991.16
2023-03-17,805657.30,973183.26,1224231.27,737345.71
2023-03-20,805997.06,,1224231.27,737700.42
2023-03-21,806336.96,980946.52,1193659.80,738055.30
2023-03-22,806677.00,995532.07,1199461.46,738410.36
2023-03-23,807017.19,1007242.42,1201011.49,738765.58
2023-03-24,807357.53,1017610.93,1209477.22,739120.98
2023-03-27,807698.00,1033681.56,1217232.05,739476.55
2023-03-28,808038.62,1021315.86,1210389.85,739832.28
2023-03-29,808379.38,1013904.44,1210719.30,740188.19
2023-03-30,808720.29,1015793.70,1219093.70,740544.27
2023-03-31,809061.34,1011962.80,1205814.49,740900.53
2023-04-03,819415.80,1018071.64,1218276.40,751004.03
2023-04-04,819770.42,988569.09,1218584.32,751107.56
2023-04-05,820125.19,958598.27,1204830.20,751211.10
2023-04-06,820480.11,,1204830.20,751314.65
2023-04-07,820835.19,,1204830.20,751418.21
2023-04-10,821190.42,978110.55,1204830.22,751521.79
2023-04-11,821545.81,993252.01,1217057.53,751625.39
2023-04-12,821901.34,1037896.10,1230228.57,751729.00
2023-04-13,822257.04,1062403.47,1244964.14,751832.62
2023-04-14,822612.88,1006988.66,1240179.82,751936.26
2023-04-17,822968.88,980764.23,1221782.07,752039.91
2023-04-18,823325.04,991066.68,1217743.56,752143.58
2023-04-19,823681.34,990598.41,1217966.18,752247.26
2023-04-20,824037.81,1005271.60,1219813.77,752350.95
2023-04-21,824394.42,1014637.52,1227572.52,752454.66
2023-04-24,824751.19,1018852.09,1230482.52,752558.39
2023-04-25,825108.12,1005271.60,1225011.66,752662.12
2023-04-26,825465.20,1011359.40,1224690.99,752765.88
2023-04-27,825822.43,1001837.40,1225375.03,752869.64
2023-04-28,826179.82,966247.12,1219332.00,752973.42
2023-05-01,836541.69,,1229332.00,763078.60
2023-05-02,836903.72,963603.17,1217694.74,763183.78
2023-05-03,837265.91,973125.10,1230517.38,763288.99
2023-05-04,837628.25,941905.49,1216961.50,763394.20
2023-05-05,837990.75,927856.65,1214127.38,763499.44
2023-05-08,838353.40,926295.68,1214064.39,763604.68
2023-05-09,838716.21,928481.09,1203729.01,763709.94
2023-05-10,839079.18,934881.07,1215555.88,763815.22
2023-05-11,839442.31,926295.68,1212440.20,763920.51
2023-05-12,839805.59,930978.68,1204827.96,764025.81
2023-05-15,840169.03,933320.10,1216621.24,764131.13
2023-05-16,840532.63,926451.77,1215552.08,764236.46
2023-05-17,840896.38,927076.20,1216695.62,764341.81
2023-05-18,841260.30,928637.18,1214751.97,764447.17
2023-05-19,841624.37,936910.39,1222864.20,764552.55
2023-05-22,841988.59,944403.07,1226075.30,764657.94
2023-05-23,842352.98,916149.32,1214763.27,764763.34
2023-05-24,842717.52,938627.45,1227462.40,764868.76
2023-05-25,843082.22,946432.32,1223259.11,764974.20
2023-05-26,843447.08,950490.88,1225041.09,765079.65
2023-05-29,843812.10,957515.29,1227539.63,765185.11
2023-05-30,844177.27,936754.30,1202727.82,765290.59
2023-05-31,844542.60,936129.86,1202813.53,765396.08
2023-06-01,854909.07,957681.11,1206782.28,775502.97
2023-06-02,855275.70,966890.93,1228085.91,775609.87
2023-06-05,855642.48,978598.27,1221653.54,775716.79
2023-06-06,856009.43,968764.09,1228018.00,775823.72
2023-06-07,856376.53,984686.07,1222618.98,775930.66
2023-06-08,856743.78,974383.62,1217485.46,776037.62
2023-06-09,857111.20,965173.80,1218839.74,776144.59
2023-06-12,857478.77,968139.73,1213413.06,776251.58
2023-06-13,857846.50,972198.29,1220225.27,776358.59
2023-06-14,858214.38,986090.96,1221977.81,776465.61
2023-06-15,858582.43,1010910.59,1230714.26,776572.64
2023-06-16,858950.63,1019652.07,1231192.98,776679.69
2023-06-19,859318.99,1007320.30,1216800.59,776786.75
2023-06-20,859687.51,1007476.39,1226317.06,776893.83
2023-06-21,860056.19,993271.46,1208843.31,777000.92
2023-06-22,860425.02,995612.96,1201302.77,777108.03
2023-06-23,860794.02,980159.24,1206930.85,777215.15
2023-06-26,861163.17,1005759.32,1218569.57,777322.28
2023-06-27,861532.48,1005759.32,1233869.03,777429.44
2023-06-28,861901.94,1004042.26,1246570.61,777536.60
2023-06-29,862271.57,1023554.54,1249316.21,777643.78
2023-06-30,862641.35,1009037.36,1240103.48,777750.98
2023-07-03,873010.61,1060100.47,1268914.17,787713.97
2023-07-04,873380.02,1058333.57,1265638.63,787676.96
2023-07-05,873749.58,1056887.98,1271598.22,787639.96
2023-07-06,874119.30,1055924.31,1308133.84,787602.95
2023-07-07,874489.18,1050141.94,1313393.90,787565.95
2023-07-10,874859.22,1045002.02,1299287.08,787528.95
2023-07-11,875229.41,1046929.45,1322526.24,787491.95
2023-07-12,875599.76,1026851.85,1305753.46,787454.95
2023-07-13,875970.26,1014483.97,1332743.33,787417.96
2023-07-14,876340.92,984447.84,1350201.32,787380.96
2023-07-17,876711.74,963727.71,1349082.19,787343.97
2023-07-18,877082.72,973846.85,1341477.92,787306.98
2023-07-19,877453.85,978022.94,1342191.24,787269.99
2023-07-20,877825.14,1001794.94,1356865.57,787233.00
2023-07-21,878196.58,1006934.78,1361340.41,787196.02
2023-07-24,878568.19,997136.86,1330370.94,787159.04
2023-07-25,878939.95,999064.37,1334977.23,787122.05
2023-07-26,879311.87,1004041.79,1352941.36,787085.07
2023-07-27,879683.94,1008895.41,1345711.90,787048.10
2023-07-28,880056.18,1003071.05,1350879.35,787011.12
2023-07-31,880428.57,1005983.19,1338121.42,786974.14
2023-08-01,890805.03,1020351.48,1339735.59,796936.70
2023-08-02,891181.65,994303.97,1336661.27,796899.26
2023-08-03,891558.43,980713.99,1317583.61,796861.82
2023-08-04,891935.37,1009673.57,1330299.93,796824.38
2023-08-07,892312.47,1006437.87,1332409.76,796786.95
2023-08-08,892689.73,994789.30,1344108.08,796749.51
2023-08-09,893067.14,989126.79,1323660.72,796712.08
2023-08-10,893444.72,979096.07,1321611.41,796674.65
2023-08-11,893822.46,983626.14,1304858.91,796637.22
2023-08-14,894200.35,992200.71,1309012.68,796599.80
2023-08-15,894578.41,1009188.24,1297681.29,796562.37
2023-08-16,894956.63,998186.78,1284352.34,796524.95
2023-08-17,895335.00,990421.09,1300467.83,796487.53
2023-08-18,895713.54,1022131.11,1289018.74,796450.11
2023-08-21,896092.24,1039442.11,1303226.90,796412.69
2023-08-22,896471.09,1029249.61,1290286.13,796375.27
2023-08-23,896850.11,1032485.39,1293076.30,796337.86
2023-08-24,897229.28,988317.91,1290275.29,796300.44
2023-08-25,897608.62,985891.09,1278221.07,796263.03
2023-08-28,897988.12,993333.23,1289495.90,796225.62
2023-08-29,898367.78,993171.45,1286115.63,796188.22
2023-08-30,898747.60,993495.01,1281399.37,796150.81
2023-08-31,899127.57,976831.11,1278434.79,796113.41
2023-09-01,909513.24,990066.81,1292119.94,806075.53
2023-09-04,909899.07,993302.50,1288003.52,806037.66
2023-09-05,910285.06,990713.99,1290541.33,805999.79
2023-09-06,910671.22,990552.14,1281585.21,805961.93
2023-09-07,911057.54,990713.99,1277954.88,805924.06
2023-09-08,911444.02,987639.99,1285476.32,805886.20
2023-09-11,911830.67,986183.92,1277608.63,805848.34
2023-09-12,912217.48,1003171.45,1283268.29,805810.48
2023-09-13,912604.45,992170.07,1268164.70,805772.62
2023-09-14,912991.59,987639.99,1272291.12,805734.76
2023-09-15,913378.90,979712.53,1278135.83,805696.91
2023-09-18,913766.37,984889.71,1271066.69,805659.06
2023-09-19,914154.00,993302.50,1264890.70,805621.21
2023-09-20,914541.80,1003818.56,1274501.96,805583.36
2023-09-21,914929.76,993787.84,1274619.78,805545.51
2023-09-22,915317.89,1011907.88,1270387.23,805507.66
2023-09-25,915706.18,1000906.50,1266193.40,805469.82
2023-09-26,916094.63,1017893.95,1269942.90,805431.98
2023-09-27,916483.25,1004303.97,1272064.00,805394.14
2023-09-28,916872.04,998965.01,1277774.00,805356.30
2023-09-29,917260.99,991684.66,1272619.06,805318.46
2023-10-02,927653.68,1004288.17,1283224.47,815280.16
2023-10-03,928046.55,987113.75,1276934.12,815241.86
2023-10-04,928439.58,1001286.81,1276122.01,815203.55
2023-10-05,928832.77,1033801.50,1281650.04,815165.26
2023-10-06,929226.13,1073986.40,1280884.51,815126.96
2023-10-09,929619.66,1064315.39,1274372.91,815088.66
2023-10-10,930013.35,1070318.11,1282967.04,815050.37
2023-10-11,930407.22,1062814.71,1284669.12,815012.08
2023-10-12,930801.24,1043139.13,1282582.56,814973.79
2023-10-13,931195.44,1020295.45,1283289.50,814935.50
2023-10-16,931589.80,1018794.77,1285139.92,814897.21
2023-10-17,931984.33,1022296.33,1286916.68,814858.93
2023-10-18,932379.03,1072819.19,1280674.98,814820.64
2023-10-19,932773.89,1084157.70,1287810.61,814782.36
2023-10-20,933168.92,1083990.96,1285108.96,814744.08
2023-10-23,933564.12,1092995.05,1274627.57,814705.81
2023-10-24,933959.48,1108835.52,1271840.69,814667.53
2023-10-25,934355.02,1105667.42,1268556.80,814629.26
2023-10-26,934750.72,1095496.13,1262960.97,814590.98
2023-10-27,935146.58,1082823.75,1262980.97,814552.71
2023-10-30,935542.62,1090343.82,1258187.09,814514.44
2023-10-31,935938.82,1087320.22,1258485.16,814476.18
2023-11-01,946339.09,1096144.35,1273124.47,824437.44
2023-11-02,946739.53,,1273124.47,824398.71
2023-11-03,947140.14,1162327.57,1286648.08,824359.98
2023-11-06,947540.91,1155608.49,1278844.02,824321.25
2023-11-07,947941.86,1173246.11,1276056.20,824282.52
2023-11-08,948342.97,1183156.84,1278816.82,824243.80
2023-11-09,948744.26,1165519.14,1278547.13,824205.07
2023-11-10,949145.72,1172910.17,1278971.77,824166.35
2023-11-13,949547.34,1169886.57,1275997.13,824127.63
2023-11-14,949949.14,1178957.38,1259926.15,824088.91
2023-11-15,950351.10,1204154.08,1251657.76,824050.19
2023-11-16,950753.24,1196931.02,1264028.30,824011.48
2023-11-17,951155.54,1216416.46,1262716.17,823972.77
2023-11-20,951558.02,,1262716.17,823934.05
2023-11-21,951960.66,1217424.27,1269107.08,823895.35
2023-11-22,952363.48,1209529.33,1258162.18,823856.64
2023-11-23,952766.47,1235397.91,1257307.98,823817.93
2023-11-24,953169.62,1237917.61,1256222.18,823779.23
2023-11-27,953572.95,1214904.66,1259580.69,823740.53
2023-11-28,953976.45,1186012.47,1257890.37,823701.83
2023-11-29,954380.12,1193907.42,1251893.03,823663.13
2023-11-30,954783.96,1244972.62,1260711.74,823624.43
2023-12-01,965191.86,1284872.70,1264807.97,833585.27
2023-12-04,965599.93,1307549.71,1265115.91,833546.10
2023-12-05,966008.17,1296799.14,1262337.34,833506.94
2023-12-06,966416.59,1313260.90,1258363.45,833467.78
2023-12-07,966825.18,1336273.93,1259996.52,833428.63
2023-12-08,967233.94,1353575.61,1258243.46,833389.47
2023-12-11,967642.87,1350384.04,1277585.15,833350.32
2023-12-12,968051.98,,1277585.15,833311.16
2023-12-13,968461.26,1363654.31,1274123.15,833272.01
2023-12-14,968870.71,1360630.71,1267769.39,833232.87
2023-12-15,969280.34,1362814.39,1257795.22,833193.72
2023-12-18,969690.14,1357271.17,1262207.75,833154.58
2023-12-19,970100.11,1355423.35,1266253.56,833115.43
2023-12-20,970510.26,1295455.31,1268213.06,833076.29
2023-12-21,970920.58,1325859.29,1273052.96,833037.15
2023-12-22,971331.07,1346352.55,1275332.90,832998.02
2023-12-25,971741.73,,1275332.90,832958.88
2023-12-26,972152.57,1346016.61,1282888.93,832919.75
2023-12-27,972563.59,1358782.97,1295740.65,832880.62
2023-12-28,972974.78,1365837.99,1290504.17,832841.49
2023-12-29,973386.14,1372221.13,1292284.34,832802.36
2024-01-01,983800.50,,1302284.34,842762.76
2024-01-02,984215.03,1355903.46,1336448.01,842723.17
2024-01-03,984629.74,1326673.09,1317514.03,842683.58
2024-01-04,985044.62,1308310.64,1304564.33,842643.99
2024-01-05,985459.68,1312425.27,1296482.59,842604.40
2024-01-08,985874.91,1321813.79,1302184.74,842564.81
2024-01-09,986290.32,1318164.42,1303041.37,842525.23
2024-01-10,986705.90,1325044.94,1303922.47,842485.64
2024-01-11,987121.66,1324813.87,1297509.58,842446.06
2024-01-12,987537.59,1314218.54,1299765.96,842406.48
2024-01-15,987953.70,1324974.82,1301287.43,842366.91
2024-01-16,988369.98,1319698.77,1302924.72,842327.33
2024-01-17,988786.44,1276430.43,1298615.05,842287.76
2024-01-18,989203.08,1293628.61,1311712.61,842248.19
2024-01-19,989619.89,1303175.52,1311201.79,842208.62
2024-01-22,990036.87,1324034.94,1319573.89,842169.05
2024-01-23,990454.03,1352160.27,1335608.64,842129.48
2024-01-24,990871.37,1338810.54,1324407.54,842089.92
2024-01-25,991288.88,1346707.23,1347751.34,842050.36
2024-01-26,991706.57,1340522.19,1359240.74,842010.79
2024-01-29,992124.44,1346599.15,1382913.86,841971.24
2024-01-30,992542.48,1340125.35,1371132.91,841931.68
2024-01-31,992960.70,1356110.37,1382427.83,841892.12
2024-02-01,1003381.51,1398072.34,1413595.13,851852.10
2024-02-02,1003802.50,1389131.58,1406161.49,851812.08
2024-02-05,1004223.67,,1406161.49,851772.06
2024-02-06,1004645.02,1415321.98,1411711.17,851732.04
2024-02-07,1005066.54,1421268.15,1422062.37,851692.03
2024-02-08,1005488.24,1412798.21,1429010.78,851652.02
2024-02-09,1005910.12,1405956.18,1426487.98,851612.00
2024-02-12,1006332.17,1417006.95,1430111.26,851571.99
2024-02-13,1006754.40,1410265.67,1426000.14,851531.99
2024-02-14,1007176.81,1425070.91,1430568.94,851491.98
2024-02-15,1007599.40,1427490.86,1425785.66,851451.98
2024-02-16,1008022.16,1427942.22,1423356.99,851411.97
2024-02-19,1008445.10,1459115.30,1435528.01,851371.97
2024-02-20,1008868.22,1452860.38,1435170.70,851331.97
2024-02-21,1009291.51,1444657.36,1425502.80,851291.98
2024-02-22,1009714.98,1482414.95,1442799.68,851251.98
2024-02-23,1010138.63,1481989.42,1440228.64,851211.99
2024-02-26,1010562.46,1485893.16,1432695.69,851172.00
2024-02-27,1010986.47,1451276.49,1436582.63,851132.01
2024-02-28,1011410.65,1432999.10,1432900.80,851092.02
2024-02-29,1011835.01,1445837.31,1431837.48,851052.04
2024-03-01,1022260.83,1472315.50,1445392.88,861011.58
2024-03-04,1022686.82,1574367.01,1468321.93,860971.13
2024-03-05,1023112.99,1581870.82,1486544.78,860930.68
2024-03-06,1023539.34,1582172.33,1475957.08,860890.24
2024-03-07,1023965.86,1611500.01,1484434.77,860849.79
2024-03-08,1024392.56,1587949.89,1471306.27,860809.35
2024-03-11,1024819.44,1612015.80,1486081.22,860768.91
2024-03-12,1025246.50,1613771.87,1492441.85,860728.47
2024-03-13,1025673.74,1624361.73,1483459.34,860688.03
2024-03-14,1026101.15,1599632.27,1489709.52,860647.59
2024-03-15,1026528.74,1576879.30,1461353.81,860607.16
2024-03-18,1026956.51,,1461353.81,860566.72
2024-03-19,1027384.46,1577221.44,1470599.18,860526.29
2024-03-20,1027812.59,1569574.97,1475149.18,860485.87
2024-03-21,1028240.90,1581794.33,1479297.33,860445.44
2024-03-22,1028669.38,1601055.23,1480982.95,860405.01
2024-03-25,1029098.04,1560382.39,1458022.41,860364.59
2024-03-26,1029526.88,1551391.70,1460414.37,860324.17
2024-03-27,1029955.90,1564868.71,1475085.41,860283.75
2024-03-28,1030385.10,,1475085.41,860243.33
2024-03-29,1030814.48,,1475085.41,860202.92
2024-04-01,1041246.71,1582603.72,1489889.81,870162.04
2024-04-02,1041679.13,1596299.81,1500687.24,870121.15
2024-04-03,1042111.72,1574881.79,1505917.36,870080.28
2024-04-04,1042544.50,1556866.94,1497733.76,870039.40
2024-04-05,1042977.45,1555237.86,1499327.60,869998.52
2024-04-08,1043410.59,1579289.12,1518737.02,869957.65
2024-04-09,1043843.90,1577082.53,1515549.66,869916.78
2024-04-10,1044277.39,1549529.14,1516199.01,869875.91
2024-04-11,1044711.07,1519607.06,1511020.19,869835.04
2024-04-12,1045144.92,1585224.87,1509447.85,869794.17
2024-04-15,1045578.95,1562042.36,1495241.18,869753.31
2024-04-16,1046013.17,1538423.95,1507006.70,869712.45
2024-04-17,1046447.56,1528570.91,1524831.21,869671.59
2024-04-18,1046882.13,1536906.86,1518820.37,869630.73
2024-04-19,1047316.89,1523636.17,1514770.47,869589.87
2024-04-22,1047751.83,1550119.46,1517288.56,869549.02
2024-04-23,1048186.94,1552780.95,1524745.29,869508.17
2024-04-24,1048622.24,1545233.63,1518488.02,869467.32
2024-04-25,1049057.72,1528384.69,1522372.64,869426.47
2024-04-26,1049493.38,1523241.25,1528684.17,869385.62
2024-04-29,1049929.21,1513673.75,1526824.72,869344.78
2024-04-30,1050365.24,1450438.86,1526719.70,869303.93
2024-05-01,1060801.80,,1536719.70,879262.62
2024-05-02,1061238.54,1441486.55,1541647.07,879221.31
2024-05-03,1061675.46,1429892.68,1538317.13,879180.01
2024-05-06,1062112.56,1420814.96,1536031.82,879138.70
2024-05-07,1062549.84,1439633.43,1541692.71,879097.40
2024-05-08,1062987.30,1491232.02,1533354.14,879056.10
2024-05-09,1063424.94,1491772.56,1533913.86,879014.80
2024-05-10,1063862.76,1493538.75,1524812.56,878973.50
2024-05-13,1064300.76,1499154.47,1526029.07,878932.21
2024-05-14,1064738.95,1492298.73,1526301.70,878890.91
2024-05-15,1065177.31,1544336.79,1532142.30,878849.62
2024-05-16,1065615.85,1555889.15,1537512.82,878808.33
2024-05-17,1066054.57,1558300.78,1541267.69,878767.04
2024-05-20,1066493.48,1594576.15,1540156.20,878725.76
2024-05-21,1066932.56,1586073.85,1533864.91,878684.48
2024-05-22,1067371.83,1565512.84,1536733.25,878643.19
2024-05-23,1067811.27,1566745.28,1547470.51,878601.91
2024-05-24,1068250.90,1543162.35,1544451.06,878560.64
2024-05-27,1068690.71,1554691.09,1543528.41,878519.36
2024-05-28,1069130.70,1541896.70,1537446.54,878478.09
2024-05-29,1069570.87,1538777.33,1551427.87,878436.81
2024-05-30,1070011.22,1554590.49,1553986.43,878395.54
2024-05-31,1070451.75,1586960.22,1554405.22,878354.28
2024-06-03,1080891.94,1504913.62,1556521.05,888312.54
2024-06-04,1081332.31,1567709.92,1561554.06,888270.81
2024-06-05,1081772.86,1573477.72,1580086.03,888229.07
2024-06-06,1082213.58,1557088.65,1576773.07,888187.34
2024-06-07,1082654.49,1540362.84,1567526.91,888145.62
2024-06-10,1083095.57,1545999.80,1563457.66,888103.89
2024-06-11,1083536.84,1498464.56,1560998.70,888062.17
2024-06-12,1083978.29,1540773.39,1573225.84,888020.44
2024-06-13,1084419.91,1517351.09,1569724.07,887978.72
2024-06-14,1084861.72,1511844.27,1566934.57,887937.01
2024-06-17,1085303.70,1512369.79,1571947.02,887895.29
2024-06-18,1085745.87,1497820.92,1573854.98,887853.57
2024-06-19,1086188.21,1562617.48,1581378.65,887811.86
2024-06-20,1086630.74,1541367.92,1582112.50,887770.15
2024-06-21,1087073.44,1539725.93,1570182.47,887728.44
2024-06-24,1087516.33,1550737.86,1572928.96,887686.74
2024-06-25,1087959.40,1519094.69,1569993.65,887645.03
2024-06-26,1088402.65,1550128.22,1564688.62,887603.33
2024-06-27,1088846.07,1535287.17,1567750.09,887561.63
2024-06-28,1089289.68,1513366.24,1566300.05,887519.93
2024-07-01,1099734.79,1567975.20,1598507.36,897477.76
2024-07-02,1100180.07,1548370.49,1594545.66,897435.60
2024-07-03,1100625.54,1566241.20,1595635.67,897393.44
2024-07-04,1101071.19,1550306.60,1599507.22,897351.28
2024-07-05,1101517.01,1567502.49,1607588.11,897309.12
2024-07-08,1101963.02,1582085.68,1616428.55,897266.96
2024-07-09,1102409.21,1586478.57,1615152.37,897224.81
2024-07-10,1102855.58,1589410.05,1635366.15,897182.65
2024-07-11,1103302.13,1583024.16,1632838.06,897140.50
2024-07-12,1103748.86,1586578.78,1642721.51,897098.35
2024-07-15,1104195.77,1560214.13,1630047.13,897056.21
2024-07-16,1104642.86,1566034.98,1625472.14,897014.06
2024-07-17,1105090.14,1538645.89,1606173.58,896971.92
2024-07-18,1105537.59,1557442.20,1600729.79,896929.78
2024-07-19,1105985.23,1537530.33,1609485.55,896887.64
2024-07-22,1106433.04,1560252.48,1625098.41,896845.50
2024-07-23,1106881.04,1579176.15,1620076.69,896803.37
2024-07-24,1107329.22,1554857.42,1615423.77,896761.24
2024-07-25,1107777.58,1523031.93,1601006.37,896719.10
2024-07-26,1108226.12,1526625.88,1593919.64,896676.98
2024-07-29,1108674.85,1510032.46,1602575.51,896634.85
2024-07-30,1109123.75,1534224.01,1598863.88,896592.72
2024-07-31,1109572.84,1542990.81,1621042.25,896550.60
2024-08-01,1120023.35,1550106.74,1641071.44,906508.01
2024-08-02,1120474.04,1529679.83,1632680.20,906465.42
2024-08-05,1120924.91,1532051.17,1651846.11,906422.83
2024-08-06,1121375.96,1541319.60,1650982.68,906380.25
2024-08-07,1121827.20,1575014.22,1675395.05,906337.67
2024-08-08,1122278.61,1595382.68,1712929.78,906295.09
2024-08-09,1122730.21,1591606.41,1713941.31,906252.51
2024-08-12,1123181.99,1587243.42,1707391.47,906209.93
2024-08-13,1123633.95,1604523.65,1717214.34,906167.36
2024-08-14,1124086.09,1614093.67,1723195.51,906124.78
2024-08-15,1124538.41,1607995.50,1734542.63,906082.21
2024-08-16,1124990.92,1600426.84,1724836.36,906039.64
2024-08-19,1125443.61,1601454.56,1721446.98,905997.08
2024-08-20,1125896.48,1597206.86,1716731.34,905954.51
2024-08-21,1126349.53,1581214.16,1692884.32,905911.95
2024-08-22,1126802.77,1563770.81,1683817.04,905869.39
2024-08-23,1127256.18,1550048.97,1680037.62,905826.83
2024-08-26,1127709.78,1511239.10,1663371.36,905784.27
2024-08-27,1128163.57,1485006.85,1641680.73,905741.72
2024-08-28,1128617.53,1482847.06,1650378.74,905699.16
2024-08-29,1129071.68,1522501.62,1656964.05,905656.61
2024-08-30,1129526.01,1509180.94,1662998.13,905614.06
2024-09-02,1139979.64,1544447.53,1681405.30,915571.05
2024-09-03,1140433.45,1522826.93,1670208.89,915528.03
2024-09-04,1140887.44,1536603.98,1679791.86,915485.02
2024-09-05,1141341.61,1532706.37,1681943.73,915442.01
2024-09-06,1141795.96,1529666.95,1692093.63,915399.00
2024-09-09,1142250.50,1538092.96,1705381.35,915356.00
2024-09-10,1142705.21,1528614.68,1678436.38,915312.99
2024-09-11,1143160.11,1522061.85,1705331.56,915269.99
2024-09-12,1143615.18,1556768.84,1718985.64,915226.99
2024-09-13,1144070.44,1528068.07,1710067.80,915183.99
2024-09-16,1144525.88,,1710067.80,915140.99
2024-09-17,1144981.50,1537356.87,1724954.77,915098.00
2024-09-18,1145437.30,1526979.16,1720710.17,915055.01
2024-09-19,1145893.28,1524399.01,1707395.13,915012.02
2024-09-20,1146349.44,1512450.87,1691340.17,914969.03
2024-09-23,1146805.79,1508192.28,1706672.69,914926.04
2024-09-24,1147262.32,1522509.94,1717484.53,914883.06
2024-09-25,1147719.03,1521348.28,1717036.27,914840.07
2024-09-26,1148175.92,1547271.27,1727384.36,914797.09
2024-09-27,1148632.99,1546706.25,1733618.13,914754.12
2024-09-30,1149090.25,1525309.82,1729128.65,914711.14
2024-10-01,1159546.25,,1739128.65,924667.70
2024-10-02,1160002.43,1537821.45,1748751.62,924624.25
2024-10-03,1160458.79,1539513.26,1751201.43,924580.81
2024-10-04,1160915.34,1529313.91,1770973.72,924537.38
2024-10-07,1161372.06,1518876.81,1772643.07,924493.94
2024-10-08,1161828.96,1498946.27,1767004.60,924450.51
2024-10-09,1162286.04,1498857.78,1759896.76,924407.07
2024-10-10,1162743.30,1506164.66,1765044.90,924363.64
2024-10-11,1163200.74,1522282.21,1774249.09,924320.22
2024-10-14,1163658.36,1508585.79,1774246.76,924276.79
2024-10-15,1164116.16,1501690.10,1770971.50,924233.37
2024-10-16,1164574.14,1506778.77,1764321.05,924189.95
2024-10-17,1165032.30,1501914.78,1770450.00,924146.53
2024-10-18,1165490.65,1504916.52,1774306.43,924103.11
2024-10-21,1165949.17,1501417.58,1774185.12,924059.69
2024-10-22,1166407.87,1494900.97,1763569.45,924016.28
2024-10-23,1166866.75,1492582.57,1758572.33,923972.87
2024-10-24,1167325.81,1502073.17,1765054.45,923929.46
2024-10-25,1167785.06,1493472.19,1772601.09,923886.05
2024-10-28,1168244.48,1490320.16,1763174.13,923842.65
2024-10-29,1168704.09,1491469.51,1796698.41,923799.24
2024-10-30,1169163.87,1491012.11,1833809.15,923755.84
2024-10-31,1169623.84,1508471.81,1856097.92,923712.44
2024-11-01,1180075.18,1506746.33,1850303.70,933668.58
2024-11-04,1180526.70,1502294.02,1857630.86,933624.71
2024-11-05,1180978.38,1510560.60,1843270.55,933580.85
2024-11-06,1181430.24,1504326.29,1840545.77,933536.99
2024-11-07,1181882.27,1497359.87,1849981.38,933493.13
2024-11-08,1182334.48,1489433.49,1854485.65,933449.27
2024-11-11,1182786.86,1480707.93,1855773.63,933405.42
2024-11-12,1183239.41,1474257.91,1828481.93,933361.57
2024-11-13,1183692.14,1481549.64,1820136.27,933317.71
2024-11-14,1184145.03,1473154.65,1815136.13,933273.87
2024-11-15,1184598.11,1481661.39,1821939.91,933230.02
2024-11-18,1185051.35,,1821939.91,933186.18
2024-11-19,1185504.77,1481284.43,1816155.85,933142.33
2024-11-20,1185958.36,1489136.65,1811947.11,933098.49
2024-11-21,1186412.13,1475637.47,1799047.57,933054.66
2024-11-22,1186866.06,1476261.00,1805464.14,933010.82
2024-11-25,1187320.18,1486709.05,1835971.60,932966.99
2024-11-26,1187774.46,1478014.02,1818872.49,932923.15
2024-11-27,1188228.92,1461404.26,1814494.77,932879.32
2024-11-28,1188683.56,1457459.59,1808739.15,932835.50
2024-11-29,1189138.37,1457786.46,1815573.11,932791.67
2024-12-02,1199591.98,1458217.04,1821336.61,942747.38
2024-12-03,1200045.77,1451708.56,1821281.20,942703.09
2024-12-04,1200499.73,1449568.70,1801732.90,942658.80
2024-12-05,1200953.87,1446638.06,1824453.28,942614.51
2024-12-06,1201408.17,1442010.82,1823191.71,942570.22
2024-12-09,1201862.65,1454157.77,1839166.20,942525.94
2024-12-10,1202317.30,1451617.98,1820533.87,942481.66
2024-12-11,1202772.12,1442980.47,1821336.31,942437.38
2024-12-12,1203227.11,,1821336.31,942393.10
2024-12-13,1203682.27,1446834.01,1843814.83,942348.83
2024-12-16,1204137.61,1451839.47,1827324.74,942304.56
2024-12-17,1204593.12,1439146.95,1821624.36,942260.29
2024-12-18,1205048.80,1426633.02,1842831.68,942216.02
2024-12-19,1205504.65,1453841.36,1856176.18,942171.75
2024-12-20,1205960.68,1535754.49,1889561.12,942127.49
2024-12-23,1206416.88,1521967.58,1833473.08,942083.22
2024-12-24,1206873.25,1508375.60,1844634.84,942038.96
2024-12-25,1207329.79,,1844634.84,941994.71
2024-12-26,1207786.51,1542344.43,1832358.59,941950.45
2024-12-27,1208243.40,1537648.59,1849808.88,941906.20
2024-12-30,1208700.46,1561083.74,1803524.94,941861.94
2024-12-31,1209157.70,1555940.34,1854643.24,941817.69
2025-01-01,1219607.88,,1864643.24,951772.98
2025-01-02,1220058.22,1576730.81,1848780.25,951728.26
2025-01-03,1220508.73,1547420.19,1813663.92,951683.55
2025-01-06,1220959.41,1545530.05,1803913.66,951638.84
2025-01-07,1221410.26,1546088.94,1803623.53,951594.13
2025-01-08,1221861.27,1548468.05,1794363.06,951549.42
2025-01-09,1222312.44,1519265.89,1770443.06,951504.72
2025-01-10,1222763.79,1525902.04,1775003.65,951460.01
2025-01-13,1223215.30,1517945.54,1774846.47,951415.31
2025-01-14,1223666.98,1528021.55,1776620.30,951370.61
2025-01-15,1224118.82,1546771.67,1800154.46,951325.92
2025-01-16,1224570.83,1528484.04,1785751.47,951281.22
2025-01-17,1225023.01,1533442.72,1773095.18,951236.53
2025-01-20,1225475.35,1538033.13,1795157.99,951191.84
2025-01-21,1225927.87,1535632.30,1800562.50,951147.15
2025-01-22,1226380.54,1561994.62,1820929.34,951102.47
2025-01-23,1226833.39,1566435.48,1841613.46,951057.78
2025-01-24,1227286.40,1554360.55,1825029.44,951013.10
2025-01-27,1227739.58,1572491.26,1835246.90,950968.42
2025-01-28,1228192.93,1583594.01,1839365.12,950923.74
2025-01-29,1228646.45,1600619.03,1866406.91,950879.07
2025-01-30,1229100.13,1603758.97,1872784.56,950834.39
2025-01-31,1229553.98,1596987.72,1874324.58,950789.72
2025-02-03,1240000.47,,1884324.58,960744.58
2025-02-04,1240447.12,1624906.91,1907387.27,960699.45
2025-02-05,1240893.93,1615520.75,1899995.67,960654.31
2025-02-06,1241340.90,1615658.89,1869410.67,960609.18
2025-02-07,1241788.03,1623106.15,1890266.67,960564.05
2025-02-10,1242235.33,1625192.92,1889560.54,960518.92
2025-02-11,1242682.78,1636453.74,1897262.08,960473.79
2025-02-12,1243130.40,1638352.93,1912893.08,960428.67
2025-02-13,1243578.18,1635923.68,1908318.25,960383.55
2025-02-14,1244026.11,1651664.04,1929542.74,960338.43
2025-02-17,1244474.21,1632825.88,1910198.58,960293.31
2025-02-18,1244922.47,1643460.62,1927136.72,960248.19
2025-02-19,1245370.90,1623240.70,1903778.48,960203.08
2025-02-20,1245819.48,1618868.66,1894999.00,960157.97
2025-02-21,1246268.23,1611865.12,1882121.79,960112.86
2025-02-24,1246717.13,1607252.89,1872827.52,960067.75
2025-02-25,1247166.20,1597855.85,1868604.57,960022.65
2025-02-26,1247615.43,1609790.14,1888111.68,959977.54
2025-02-27,1248064.83,1608715.23,1892822.02,959932.44
2025-02-28,1248514.38,1606167.17,1887872.68,959887.34
2025-03-03,1258956.28,1618352.22,1914774.68,969841.78
2025-03-04,1259398.33,1620958.42,1902222.39,969796.21
2025-03-05,1259840.54,1624237.37,1907583.45,969750.65
2025-03-06,1260282.91,1626862.81,1902334.20,969705.09
2025-03-07,1260725.43,1636733.41,1924922.01,969659.53
2025-03-10,1261168.10,1584068.92,1857365.52,969613.98
2025-03-11,1261610.94,1613647.89,1900103.23,969568.42
2025-03-12,1262053.92,1643850.87,1924066.65,969522.87
2025-03-13,1262497.06,1657846.65,1941181.49,969477.32
2025-03-14,1262940.36,1653597.34,1968433.80,969431.78
2025-03-17,1263383.82,,1968433.80,969386.23
2025-03-18,1263827.42,1660429.27,1981719.34,969340.69
2025-03-19,1264271.19,1661844.43,1984097.59,969295.15
2025-03-20,1264715.11,1676542.65,2003792.82,969249.61
2025-03-21,1265159.19,1668021.86,2004707.46,969204.07
2025-03-24,1265603.42,1677044.07,2011560.57,969158.54
2025-03-25,1266047.81,1688078.19,2029842.29,969113.01
2025-03-26,1266492.35,1682797.39,2033083.83,969067.48
2025-03-27,1266937.05,1675491.29,2015899.46,969021.95
2025-03-28,1267381.91,1659011.86,2004493.89,968976.42
2025-03-31,1267826.92,1640630.60,1981791.04,968930.90
2025-04-01,1278263.98,1668290.63,2004403.72,978884.91
2025-04-02,1278701.19,1656234.75,1993480.59,978838.92
2025-04-03,1279138.55,1700256.42,2053507.92,978792.93
2025-04-04,1279576.06,1673791.25,2015405.08,978746.95
2025-04-07,1280013.72,1645130.60,1985309.91,978700.96
2025-04-08,1280451.52,1627907.98,1965569.25,978654.98
2025-04-09,1280889.48,1679977.37,2027744.71,978609.00
2025-04-10,1281327.59,1657520.47,1997344.91,978563.03
2025-04-11,1281765.84,1656269.77,1992972.51,978517.05
2025-04-14,1282204.25,1669256.56,2005788.03,978471.08
2025-04-15,1282642.81,1663748.58,2009060.39,978425.11
2025-04-16,1283081.51,1662345.88,2010089.29,978379.15
2025-04-17,1283520.37,,2010089.29,978333.18
2025-04-18,1283959.38,,2010089.29,978287.22
2025-04-21,1284398.54,1664488.55,2004193.24,978241.26
2025-04-22,1284837.84,1661019.76,2002433.49,978195.30
2025-04-23,1285277.30,1669468.63,2010568.11,978149.34
2025-04-24,1285716.91,1671691.44,2012013.97,978103.39
2025-04-25,1286156.67,1690271.84,2031182.90,978057.43
2025-04-28,1286596.57,1695963.68,2054347.25,978011.48
2025-04-29,1287036.63,1664649.49,2001773.61,977965.53
2025-04-30,1287476.84,1688887.70,2029850.27,977919.59
2025-05-01,1297920.62,,2039850.27,987873.17
2025-05-02,1298364.56,1704096.50,2051787.53,987826.76
2025-05-05,1298808.64,1694794.22,2050294.63,987780.35
2025-05-06,1299252.88,1708766.69,2057424.56,987733.95
2025-05-07,1299697.26,1720640.11,2069582.17,987687.54
2025-05-08,1300141.80,1718729.51,2060849.75,987641.14
2025-05-09,1300586.50,1720942.08,2065735.10,987594.74
2025-05-12,1301031.34,1723799.57,2048173.39,987548.34
2025-05-13,1301476.34,1707767.02,2032977.45,987501.94
2025-05-14,1301921.49,1707231.43,2035240.74,987455.55
2025-05-15,1302366.79,1696475.07,2030460.88,987409.16
2025-05-16,1302812.24,1726448.87,2055330.81,987362.77
2025-05-19,1303257.84,1729630.46,2084699.32,987316.38
2025-05-20,1303703.60,1743234.90,2111076.38,987270.00
2025-05-21,1304149.51,1755664.97,2177236.63,987223.61
2025-05-22,1304595.58,1727080.43,2188934.32,987177.23
2025-05-23,1305041.79,1742183.63,2187093.62,987130.85
2025-05-26,1305488.16,1755569.42,2206131.21,987084.48
2025-05-27,1305934.68,1789731.65,2248667.03,987038.10
2025-05-28,1306381.35,1812076.62,2275519.00,986991.73
2025-05-29,1306828.18,1827908.96,2293206.13,986945.36
2025-05-30,1307275.16,1826691.31,2298812.62,986898.99
2025-06-02,1317725.71,1806167.63,2274792.26,996852.16
2025-06-03,1318176.42,1786207.13,2251227.41,996805.32
2025-06-04,1318627.28,1764062.55,2225759.51,996758.49
2025-06-05,1319078.29,1754092.00,2215145.70,996711.66
2025-06-06,1319529.46,1770127.47,2237219.74,996664.84
2025-06-09,1319980.78,1766315.51,2227098.55,996618.01
2025-06-10,1320432.26,1760222.98,2223299.37,996571.19
2025-06-11,1320883.89,1778962.90,2244440.49,996524.37
2025-06-12,1321335.68,1766532.65,2231564.92,996477.55
2025-06-13,1321787.62,1755007.75,2217818.40,996430.74
2025-06-16,1322239.72,1743108.49,2207520.48,996383.92
2025-06-17,1322691.97,1741326.51,2196258.92,996337.11
2025-06-18,1323144.37,1758694.64,2216802.14,996290.30
2025-06-19,1323596.93,1753233.61,2213350.44,996243.49
2025-06-20,1324049.65,1753089.62,2198764.79,996196.69
2025-06-23,1324502.51,1759543.73,2189100.34,996149.89
2025-06-24,1324955.54,1753770.28,2191280.38,996103.09
2025-06-25,1325408.72,1757912.53,2199555.17,996056.29
2025-06-26,1325862.05,1781098.80,2222564.24,996009.49
2025-06-27,1326315.54,1776021.03,2223481.46,995962.70
2025-06-30,1326769.19,1741021.40,2195123.06,995915.91
2025-07-01,1337226.41,1746411.82,2204260.93,1006263.26
2025-07-02,1337683.78,1751167.69,2225747.88,1006610.73
2025-07-03,1338141.31,1742468.01,2223278.34,1006958.32
2025-07-04,1338599.00,1736453.48,2216923.81,1007306.03
2025-07-07,1339056.85,1752018.31,2220622.77,1007653.86
2025-07-08,1339514.85,1748182.94,2213530.38,1008001.81
2025-07-09,1339973.01,1759996.09,2220748.16,1008349.88
2025-07-10,1340431.33,1722922.02,2212547.77,1008698.07
2025-07-11,1340889.80,1732950.44,2223129.37,1009046.38
2025-07-14,1341348.43,1728605.32,2220255.72,1009394.81
2025-07-15,1341807.21,1725188.13,2213709.27,1009743.36
2025-07-16,1342266.16,1723800.15,2224046.97,1010092.03
2025-07-17,1342725.26,1726684.30,2219154.56,1010440.83
2025-07-18,1343184.51,1735881.96,2240847.65,1010789.74
2025-07-21,1343643.93,1727935.94,2229901.30,1011138.77
2025-07-22,1344103.50,1723779.53,2222204.83,1011487.92
2025-07-23,1344563.23,1738572.52,2223057.45,1011837.20
2025-07-24,1345023.11,1736551.38,2225324.71,1012186.59
2025-07-25,1345483.16,1735916.39,2223979.65,1012536.11
2025-07-28,1345943.36,1730554.51,2224472.13,1012885.74
2025-07-29,1346403.71,1726938.70,2214206.35,1013235.50
2025-07-30,1346864.23,1730331.62,2214022.82,1013585.38
2025-07-31,1347324.90,1748131.07,2216959.18,1013935.38
2025-08-01,1357789.15,1755516.80,2230257.99,1024288.95
2025-08-04,1358253.56,1757040.65,2228362.38,1024642.64
2025-08-05,1358718.13,1758972.76,2228427.36,1024996.46
2025-08-06,1359182.86,1771452.49,2227089.21,1025350.40
2025-08-07,1359647.74,1761979.24,2229474.98,1025704.46
2025-08-08,1360112.79,1769890.80,2232044.32,1026058.64
2025-08-11,1360577.99,1768248.81,2232044.32,1026412.95
2025-08-12,1361043.35,1767442.85,2214686.16,1026767.38
2025-08-13,1361508.88,1779179.47,2215301.75,1027121.93
2025-08-14,1361974.56,1774212.14,2214567.64,1027476.60
2025-08-15,1362440.40,1780850.57,2233389.35,1027831.39
2025-08-18,1362906.40,1747229.87,2190159.13,1028186.31
2025-08-19,1363372.56,1736339.15,2183308.37,1028541.35
2025-08-20,1363838.88,1738264.26,2192298.72,1028896.51
2025-08-21,1364305.36,1752241.25,2197188.79,1029251.80
2025-08-22,1364771.99,1771048.97,2203370.45,1029607.21
2025-08-25,1365238.79,1753041.88,2185461.74,1029962.74
2025-08-26,1365705.75,1742256.55,2193599.46,1030318.39
2025-08-27,1366172.87,1749023.84,2204787.44,1030674.17
2025-08-28,1366640.14,1757443.69,2209677.54,1031030.07
2025-08-29,1367107.58,1758482.83,2219892.08,1031386.09
2025-09-01,1377578.60,1787546.96,2235943.72,1041745.69
2025-09-02,1378049.78,1782703.80,2228298.48,1042105.41
2025-09-03,1378521.11,1784133.26,2236615.11,1042465.26
2025-09-04,1378992.61,1799571.56,2238760.79,1042825.23
2025-09-05,1379464.28,1800050.03,2228116.48,1043185.32
2025-09-08,1379936.10,1805062.45,2233443.19,1043545.54
2025-09-09,1380408.08,1798433.41,2229463.85,1043905.89
2025-09-10,1380880.23,1804892.35,2251468.15,1044266.35
2025-09-11,1381352.54,1827142.10,2266351.88,1044626.95
2025-09-12,1381825.01,1823095.43,2262007.72,1044987.66
2025-09-15,1382297.64,1823763.37,2267940.88,1045348.50
2025-09-16,1382770.43,,2267940.88,1045709.47
2025-09-17,1383243.38,1851489.80,2303730.05,1046070.56
2025-09-18,1383716.50,1838442.14,2298287.10,1046431.78
2025-09-19,1384189.77,1851034.96,2300718.01,1046793.12
2025-09-22,1384663.21,1818191.17,2266587.38,1047154.58
2025-09-23,1385136.81,1812866.54,2260960.90,1047516.17
2025-09-24,1385610.58,1808418.90,2266403.85,1047877.89
2025-09-25,1386084.50,1805659.21,2259801.67,1048239.73
2025-09-26,1386558.59,1808518.43,2254358.68,1048601.69
2025-09-29,1387032.84,1821840.75,2267205.27,1048963.78
2025-09-30,1387507.25,1831691.83,2263042.33,1049326.00
2025-10-01,1397985.25,1829279.98,2266616.77,1059691.79
2025-10-02,1398463.40,1828593.87,2268821.32,1060057.71
2025-10-03,1398941.72,1851258.48,2283075.69,1060423.75
2025-10-06,1399420.21,1851083.09,2275490.86,1060789.93
2025-10-07,1399898.86,1838800.59,2266867.61,1061156.23
2025-10-08,1400377.67,1848068.88,2281363.57,1061522.65
2025-10-09,1400856.65,1846185.02,2282037.27,1061889.20
2025-10-10,1401335.79,1820561.99,2274087.69,1062255.88
2025-10-13,1401815.09,1834299.11,2295678.34,1062622.68
2025-10-14,1402294.56,1811173.90,2277876.63,1062989.62
2025-10-15,1402774.19,1822427.35,2295622.54,1063356.67
2025-10-16,1403253.99,1818299.67,2275623.19,1063723.86
2025-10-17,1403733.95,1792782.85,2262161.00,1064091.17
2025-10-20,1404214.07,1811803.69,2280267.05,1064458.61
2025-10-21,1404694.36,1794167.38,2272803.04,1064826.17
2025-10-22,1405174.81,1816703.78,2287724.16,1065193.87
2025-10-23,1405655.43,1829203.55,2292802.40,1065561.68
2025-10-24,1406136.21,1800734.19,2265280.89,1065929.63
2025-10-27,1406617.15,1819413.78,2281370.48,1066297.70
2025-10-28,1407098.26,1803158.74,2274944.88,1066665.90
2025-10-29,1407579.54,1833006.70,2293661.89,1067034.23
2025-10-30,1408060.98,1817263.58,2280188.44,1067402.69
2025-10-31,1408542.58,1835086.85,2280869.01,1067771.27
2025-11-03,1419027.77,1862850.34,2311056.50,1078143.43
2025-11-04,1419513.13,1861412.47,2306528.80,1078515.72
2025-11-05,1419998.65,1873972.48,2305713.99,1078888.14
2025-11-06,1420484.33,1883040.66,2303695.23,1079260.69
2025-11-07,1420970.19,1881200.80,2302923.68,1079633.36
2025-11-10,1421456.21,1887003.15,2281472.23,1080006.17
2025-11-11,1421942.39,1896529.26,2317291.92,1080379.10
2025-11-12,1422428.74,1892767.64,2308543.25,1080752.17
2025-11-13,1422915.26,1880032.74,2291359.44,1081125.36
2025-11-14,1423401.95,1899177.12,2294542.03,1081498.68
2025-11-17,1423888.80,,2294542.03,1081872.13
2025-11-18,1424375.82,1891081.29,2290681.17,1082245.70
2025-11-19,1424863.00,1867406.49,2273985.23,1082619.41
2025-11-20,1425350.35,1836956.41,2254308.62,1082993.25
2025-11-21,1425837.87,1848520.12,2247562.36,1083367.21
2025-11-24,1426325.55,1874857.89,2269466.56,1083741.31
2025-11-25,1426813.40,1873193.48,2265368.63,1084115.53
2025-11-26,1427301.42,1866617.05,2260840.98,1084489.88
2025-11-27,1427789.61,1865298.28,2261953.45,1084864.37
2025-11-28,1428277.96,1885183.21,2270579.03,1085238.98
2025-12-01,1438769.90,1887049.54,2277705.38,1095617.17
2025-12-02,1439262.00,1878374.18,2278201.18,1095995.50
2025-12-03,1439754.28,1856174.43,2268589.63,1096373.95
2025-12-04,1440246.72,1854231.35,2300785.52,1096752.54
2025-12-05,1440739.34,1855596.06,2285427.81,1097131.25
2025-12-08,1441232.12,1845324.52,2260261.20,1097510.10
2025-12-09,1441725.07,1863242.58,2292296.59,1097889.08
2025-12-10,1442218.19,1850259.51,2274994.26,1098268.19
2025-12-11,1442711.47,1850794.18,2254390.83,1098647.43
2025-12-12,1443204.93,,2254390.83,1099026.80
2025-12-15,1443698.55,1863127.40,2260630.60,1099406.30
2025-12-16,1444192.35,1860751.78,2268942.59,1099785.93
2025-12-17,1444686.31,1855910.44,2254820.56,1100165.70
2025-12-18,1445180.44,1868440.53,2254780.48,1100545.59
2025-12-19,1445674.74,1898408.07,2240096.74,1100925.62
2025-12-22,1446169.21,1909991.34,2238261.51,1101305.78
2025-12-23,1446663.85,1909827.33,2239611.18,1101686.07
2025-12-24,1447158.65,1915648.42,2243400.15,1102066.49
2025-12-25,1447653.63,,2243400.15,1102447.04
2025-12-26,1448148.78,1917187.93,2243033.10,1102827.72
2025-12-29,1448644.09,1937562.92,2276402.04,1103208.53
2025-12-30,1449139.58,1945368.40,2269441.94,1103589.48
2025-12-31,1449635.23,,2269441.94,1103970.56
2026-01-01,1460107.84,,2279441.94,1114355.22
2026-01-02,1460580.59,1933167.42,2315440.62,1115794.19
2026-01-05,1461053.50,1953232.41,2304071.38,1117235.02
2026-01-06,1461526.57,1933844.19,2311279.98,1118677.71
2026-01-07,1461999.78,1932883.32,2308896.51,1120122.26
2026-01-08,1462473.15,1948604.03,2310550.52,1121568.68
2026-01-09,1462946.68,1956561.38,2314460.31,1123016.96
2026-01-12,1463420.35,1959626.60,2308046.19,1124467.12
2026-01-13,1463894.18,1976092.22,2306152.85,1125919.15
2026-01-14,1464368.17,1968429.70,2279604.79,1127373.05
2026-01-15,1464842.30,1966617.32,2273248.81,1128828.83
2026-01-16,1465316.59,1976156.12,2272483.67,1130286.49
2026-01-19,1465791.04,1980365.91,2275815.84,1131746.03
2026-01-20,1466265.63,1972069.11,2276861.13,1133207.46
2026-01-21,1466740.39,1982244.27,2299840.69,1134670.77
2026-01-22,1467215.29,1970383.89,2279841.29,1136135.98
2026-01-23,1467690.35,1965618.10,2281736.94,1137603.08
2026-01-26,1468165.56,1970726.14,2292820.94,1139072.07
2026-01-27,1468640.93,1971079.23,2284745.94,1140542.95
2026-01-28,1469116.45,1973011.04,2271343.47,1142015.74
2026-01-29,1469592.12,1970921.01,2269570.95,1143490.43
2026-01-30,1470067.95,1956795.62,2266441.86,1144967.02
2026-02-02,1480547.17,,2276441.86,1156458.43
2026-02-03,1481026.55,1998300.20,2281703.58,1157951.77
2026-02-04,1481506.08,1983156.84,2276992.44,1159447.04
2026-02-05,1481985.76,1968044.41,2268852.46,1160944.24
2026-02-06,1482465.60,1993869.15,2261276.80,1162443.37
2026-02-09,1482945.60,2011228.00,2258777.08,1163944.44
2026-02-10,1483425.75,2003757.77,2238480.29,1165447.44
2026-02-11,1483906.06,1992949.72,2273324.27,1166952.39
2026-02-12,1484386.52,1998112.38,2282735.16,1168459.28
2026-02-13,1484867.14,1988477.04,2275161.81,1169968.11
2026-02-16,1485347.91,1993284.58,2280727.88,1171478.89
2026-02-17,1485828.84,2004153.87,2286417.07,1172991.63
2026-02-18,1486309.93,2018848.68,2288068.77,1174506.32
2026-02-19,1486791.17,2026188.31,2285683.00,1176022.96
2026-02-20,1487272.57,2038189.96,2283116.00,1177541.56
2026-02-23,1487754.12,2012943.91,2244892.07,1179062.13
2026-02-24,1488235.83,2005376.18,2244673.77,1180584.65
2026-02-25,1488717.69,2037069.49,2232870.23,1182109.15
2026-02-26,1489199.72,2044268.66,2227859.31,1183635.61
2026-02-27,1489681.89,2098274.99,2242079.24,1185164.04
2026-03-02,1500167.46,2105345.04,2247063.72,1196707.36
2026-03-03,1500653.19,2065619.40,2234400.65,1198252.67
2026-03-04,1501139.08,2057168.44,2239290.79,1199799.98
2026-03-05,1501625.12,2045131.48,2221986.16,1201349.28
2026-03-06,1502111.32,2039695.10,2226451.07,1202900.59
2026-03-09,1502597.68,2015763.35,2219991.09,1204453.90
2026-03-10,1503084.19,2021181.05,2219807.56,1206009.21
2026-03-11,1503570.86,2040741.41,2252323.56,1207566.54
2026-03-12,1504057.69,2033072.10,2241422.98,1209125.87
2026-03-13,1504544.68,2013558.54,2238905.32,1210687.22
2026-03-16,1505031.83,,2238905.32,1212250.59
2026-03-17,1505519.13,2016463.13,2246583.95,1213815.97
2026-03-18,1506006.59,2041609.80,2255209.49,1215383.37
2026-03-19,1506494.21,2049237.52,2325161.36,1216952.80
2026-03-20,1506981.98,2045455.96,2293926.83,1218524.26
2026-03-23,1507469.92,2048603.59,2297655.36,1220097.74
2026-03-24,1507958.01,2075410.88,2319489.95,1221673.26
2026-03-25,1508446.26,2095552.26,2344630.25,1223250.81
2026-03-26,1508934.67,2082932.58,2319138.98,1224830.40
2026-03-27,1509423.24,2075232.24,2309477.28,1226412.02
2026-03-30,1509911.96,2114263.53,2330655.79,1227995.69
2026-03-31,1510400.85,2151054.73,2361340.77,1229581.41
2026-04-01,1520879.20,2194170.47,2390679.47,1240490.50
2026-04-02,1521357.71,,2390679.47,1241400.25
2026-04-03,1521836.37,,2390679.47,1242310.67
2026-04-06,1522315.18,2207072.11,2404367.14,1243221.76
2026-04-07,1522794.14,2201388.41,2402898.96,1244133.52
2026-04-08,1523273.25,2213660.84,2396299.04,1245045.94
2026-04-09,1523752.51,2206778.50,2388783.83,1245959.04
2026-04-10,1524231.92,2226963.56,2393127.96,1246872.81
2026-04-13,1524711.48,2252340.40,2398331.58,1247787.24
2026-04-14,1525191.19,2262346.20,2390099.07,1248702.35
2026-04-15,1525671.06,2256029.91,2394810.26,1249618.12
2026-04-16,1526151.07,2260951.91,2398145.79,1250534.57
2026-04-17,1526631.24,2275040.43,2422480.05,1251451.69
2026-04-20,1527111.56,2282643.48,2426519.86,1252369.49
2026-04-21,1527592.02,2272765.92,2403886.15,1253287.95
2026-04-22,1528072.64,2272765.92,2403886.15,1254207.09
2026-04-23,1528553.42,2252085.93,2394694.34,1255126.91
2026-04-24,1529034.34,2269568.09,2409138.74,1256047.39
2026-04-27,1529515.41,2250729.55,2391887.61,1256968.56
2026-04-28,1529996.64,2223566.99,2364614.67,1257890.40
2026-04-29,1530478.01,2220240.97,2369507.08,1258812.91
2026-04-30,1530959.54,2228557.94,2371713.94,1259736.10
2026-05-01,1541444.36,,2381713.94,1270667.31
2026-05-04,1541929.34,2263639.52,2386176.58,1271599.19
2026-05-05,1542414.47,2289125.73,2380821.33,1272531.76
2026-05-06,1542899.76,2295664.27,2386754.49,1272531.76
